date,text,url,form,accepted_time
2020-08-04," 8-k 1 tottenham_8k.htm current report united states securities and exchange commission washington, d.c. 20549 form 8-k current report pursuant to section 13 or 15(d) of the securities exchange act of 1934 july 31, 2020 date of report (date of earliest event reported) tottenham acquisition i limited (exact name of registrant as specified in its charter) british virgin islands 001-38614 n/a (state or other jurisdiction of incorporation) (commission file number) (i.r.s. employer identification no.) unit 902, lucky building 39-41 wellington street, central, hong kong central, hong kong n/a (address of principal executive offices) (zip code) registrant's telephone number, including area code: +852 3998 4852 n/a (former name or former address, if changed since last report) check the appropriate box below if the form 8-k filing is intended to simultaneously satisfy the filing obligation of the registrant under any of the following provisions: ☐ written communications pursuant to rule 425 under the securities act ☒ soliciting material pursuant to rule 14a-12 under the exchange act ☐ pre-commencement communications pursuant to rule 14d-2(b) under the exchange act ☐ pre-commencement communications pursuant to rule 13e-4(c) under the exchange act securities registered pursuant to section 12(b) of the act: title of each class trading symbol(s) name of each exchange on which registered units, each consisting of one ordinary share, par value $.0001 per share, one redeemable warrant to acquire one-half of one ordinary share, and one right to acquire one-tenth (1/10) of an ordinary share totau nasdaq capital market ordinary shares tota nasdaq capital market warrants totaw nasdaq capital market rights totar nasdaq capital market indicate by check mark whether the registrant is an emerging growth company as defined in rule 405 of the securities act of 1933 (17 cfr §230.405) or rule 12b-2 of the securities exchange act of 1934 (17 cfr §240.12b-2). emerging growth company ☒ if an emerging growth company, indicate by check mark if the registrant has elected not to use the extended transition period for complying with any new or revised financial accounting standards provided pursuant to section 13(a) of the exchange act. ☐ item 1.01. entry into a material definitive agreement. the disclosure contained in item 2.03 is incorporated by reference in this item 1.01 item 2.03 creation of a direct financial obligation or an obligation under an off-balance sheet arrangement of a registrant. on july 31, 2020, tottenham acquisition i limited (the “company”) issued an unsecured promissory note in the aggregate principal amount of $316,627.11 (the “note”) to norwich investment limited, the company’s initial public offering sponsor (“norwich”) in exchange for norwich depositing such amount into the company’s trust account in order to extend the amount of time it has available to complete a business combination. the note does not bear interest and mature upon closing of a business combination by the company. in addition, the note may be converted by the holder into units of the company identical to the units issued in the company’s initial public offering at a price of $10.00 per unit. item 8.01 other events the company issued the release filed herewith on august 4, 2020. the materials attached as exhibit 99.1 are incorporated by reference herein. item 9.01. financial statements and exhibits. exhibit no. description 99.1 press release dated august 4, 2020 2 signatures pursuant to the requirements of the securities exchange act of 1934, the registrant has duly caused this report to be signed on its behalf by the undersigned hereunto duly authorized. dated: august 4, 2020 tottenham acquisition i limited by: /s/jason ma name: jason ma title: chief executive officer 3 ",https://www.sec.gov/Archives/edgar/data/1731176/000168316820002505/0001683168-20-002505-index.htm,8-K,2020-08-04 20:16:16
2020-05-08," 8-k 1 tottenham_8k-050820.htm form 8-k united states securities and exchange commission washington, d.c. 20549 form 8-k current report pursuant to section 13 or 15(d) of the securities exchange act of 1934 may 6, 2020 date of report (date of earliest event reported) tottenham acquisition i limited (exact name of registrant as specified in its charter) british virgin islands 001-38614 n/a (state or other jurisdiction of incorporation) (commission file number) (i.r.s. employer identification no.) unit b, 11f on hing building 1-9 on hing terrance central, hong kong n/a (address of principal executive offices) (zip code) registrant's telephone number, including area code: +852 3998 4852 n/a (former name or former address, if changed since last report) check the appropriate box below if the form 8-k filing is intended to simultaneously satisfy the filing obligation of the registrant under any of the following provisions: [_] written communications pursuant to rule 425 under the securities act [x] soliciting material pursuant to rule 14a-12 under the exchange act [_] pre-commencement communications pursuant to rule 14d-2(b) under the exchange act [_] pre-commencement communications pursuant to rule 13e-4(c) under the exchange act securities registered pursuant to section 12(b) of the act: title of each class trading symbol(s) name of each exchange on which registered units, each consisting of one ordinary share, par value $.0001 per share, one redeemable warrant to acquire one-half of one ordinary share, and one right to acquire one-tenth (1/10) of an ordinary share totau nasdaq capital market ordinary shares tota nasdaq capital market warrants totaw nasdaq capital market rights totar nasdaq capital market indicate by check mark whether the registrant is an emerging growth company as defined in rule 405 of the securities act of 1933 (17 cfr §230.405) or rule 12b-2 of the securities exchange act of 1934 (17 cfr §240.12b-2). emerging growth company ☒ if an emerging growth company, indicate by check mark if the registrant has elected not to use the extended transition period for complying with any new or revised financial accounting standards provided pursuant to section 13(a) of the exchange act. item 1.01. entry into a material definitive agreement. the disclosure contained in item 2.03 is incorporated by reference in this item 1.01 item 2.03 creation of a direct financial obligation or an obligation under an off-balance sheet arrangement of a registrant. on may 6, 2020, tottenham acquisition i limited (the “company”) issued an unsecured promissory note in the aggregate principal amount of $316,627.11 (the “note”) to norwich investment limited, the company’s initial public offering sponsor (“norwich”) in exchange for norwich depositing such amount into the company’s trust account in order to extend the amount of time it has available to complete a business combination. the note does not bear interest and mature upon closing of a business combination by the company. in addition, the note may be converted by the holder into units of the company identical to the units issued in the company’s initial public offering at a price of $10.00 per unit. item 8.01 other events the company issued the release filed herewith on may 7, 2020. the materials attached as exhibit 99.1 are incorporated by reference herein. item 9.01. financial statements and exhibits. exhibit no. description 99.1 press release dated may 7, 2020 2 signatures pursuant to the requirements of the securities exchange act of 1934, the registrant has duly caused this report to be signed on its behalf by the undersigned hereunto duly authorized. dated: may 8, 2020 tottenham acquisition i limited by: /s/jason ma name: jason ma title: chief executive officer 3 ",https://www.sec.gov/Archives/edgar/data/1731176/000168316820001467/0001683168-20-001467-index.htm,8-K,2020-05-08 17:57:31
2020-04-24," 8-k 1 tottenham_8k.htm form 8-k united states securities and exchange commission washington, d.c. 20549 form 8-k current report pursuant to section 13 or 15(d) of the securities exchange act of 1934 april 23, 2020 date of report (date of earliest event reported) tottenham acquisition i limited (exact name of registrant as specified in its charter) british virgin islands 001-38614 n/a (state or other jurisdiction of incorporation) (commission file number) (i.r.s. employer identification no.) unit b, 11f on hing building 1-9 on hing terrance central, hong kong n/a (address of principal executive offices) (zip code) registrant's telephone number, including area code: +852 3998 4852 n/a (former name or former address, if changed since last report) check the appropriate box below if the form 8-k filing is intended to simultaneously satisfy the filing obligation of the registrant under any of the following provisions: [_] written communications pursuant to rule 425 under the securities act [_] soliciting material pursuant to rule 14a-12 under the exchange act [_] pre-commencement communications pursuant to rule 14d-2(b) under the exchange act [_] pre-commencement communications pursuant to rule 13e-4(c) under the exchange act securities registered pursuant to section 12(b) of the act: title of each class trading symbol(s) name of each exchange on which registered units, each consisting of one ordinary share, par value $.0001 per share, one redeemable warrant to acquire one-half of one ordinary share, and one right to acquire one-tenth (1/10) of an ordinary share totau nasdaq capital market ordinary shares tota nasdaq capital market warrants totaw nasdaq capital market rights totar nasdaq capital market indicate by check mark whether the registrant is an emerging growth company as defined in rule 405 of the securities act of 1933 (17 cfr §230.405) or rule 12b-2 of the securities exchange act of 1934 (17 cfr §240.12b-2). emerging growth company ☒ if an emerging growth company, indicate by check mark if the registrant has elected not to use the extended transition period for complying with any new or revised financial accounting standards provided pursuant to section 13(a) of the exchange act. ☐ item 5.07. submission of matters to a vote of security holders. on april 9, 2020, tottenham acquisition i limited (the “company” or “tottenham”) held its annual meeting of shareholders. the chairman determined, in his discretion during this meeting, to present an adjournment proposal to the annual meeting with respect to the charter amendment proposal and the trust amendment proposal until april 23, 2020, at 10:00 a.m. hong kong time (the “adjourned annual meeting”). the company then held its adjourned annual meeting on april 23, 2020. the final results for each of the matters submitted to a vote of tottenham’s shareholders at the adjourned annual meeting are as follows: 1. charter amendment shareholders approved the proposal to amend (the “charter amendment”) the company’s amended and restated memorandum and articles of association to extend the date by which the company has to consummate a business combination two times for an additional three months each time from may 6, 2020 to november 6, 2020. the voting results were as follows: for against abstain broker non-votes 4,996,683 124,500 0 21,302 2. trust amendment shareholders approved the proposal to amend (the “trust amendment”) the company’s investment management trust agreement, dated as of august 1, 2018, by and between the company and continental stock transfer & trust company to allow the company to extend the time to complete a business combination two times for an additional three months. the voting results were as follows: for against abstain broker non-votes 4,996,683 124,500 0 21,302 2 signatures pursuant to the requirements of the securities exchange act of 1934, the registrant has duly caused this report to be signed on its behalf by the undersigned hereunto duly authorized. dated: april 24, 2020 tottenham acquisition i limited by: /s/jason ma name: jason ma title: chief executive officer 3 ",https://www.sec.gov/Archives/edgar/data/1731176/000168316820001286/0001683168-20-001286-index.htm,8-K,2020-04-24 17:43:09
2020-04-13," 8-k 1 tottenham_8k.htm form 8-k united states securities and exchange commission washington, d.c. 20549 form 8-k current report pursuant to section 13 or 15(d) of the securities exchange act of 1934 april 9, 2020 date of report (date of earliest event reported) tottenham acquisition i limited (exact name of registrant as specified in its charter) british virgin islands 001-38614 n/a (state or other jurisdiction of incorporation) (commission file number) (i.r.s. employer identification no.) unit b, 11f on hing building 1-9 on hing terrance central, hong kong n/a (address of principal executive offices) (zip code) registrant's telephone number, including area code: +852 3998 4852 n/a (former name or former address, if changed since last report) check the appropriate box below if the form 8-k filing is intended to simultaneously satisfy the filing obligation of the registrant under any of the following provisions: [_] written communications pursuant to rule 425 under the securities act [_] soliciting material pursuant to rule 14a-12 under the exchange act [_] pre-commencement communications pursuant to rule 14d-2(b) under the exchange act [_] pre-commencement communications pursuant to rule 13e-4(c) under the exchange act securities registered pursuant to section 12(b) of the act: title of each class trading symbol(s) name of each exchange on which registered units, each consisting of one ordinary share, par value $.0001 per share, one redeemable warrant to acquire one-half of one ordinary share, and one right to acquire one-tenth (1/10) of an ordinary share totau nasdaq capital market ordinary shares tota nasdaq capital market warrants totaw nasdaq capital market rights totar nasdaq capital market indicate by check mark whether the registrant is an emerging growth company as defined in rule 405 of the securities act of 1933 (17 cfr §230.405) or rule 12b-2 of the securities exchange act of 1934 (17 cfr §240.12b-2). emerging growth company ☒ if an emerging growth company, indicate by check mark if the registrant has elected not to use the extended transition period for complying with any new or revised financial accounting standards provided pursuant to section 13(a) of the exchange act. ☐ item 5.07. submission of matters to a vote of security holders. tottenham acquisition i limited (the “company” or “tottenham”) held its annual meeting of shareholders on april 9, 2020 (the “annual meeting”). on march 6, 2019, the record date for the annual meeting, there were 5,965,000 shares of tottenham common stock entitled to be voted at the annual meeting, 92.08% of which were represented in person or by proxy. the final results for each of the matters submitted to a vote of tottenham’s shareholders at the annual meeting are as follows: 1. election of directors shareholders elected all of the five nominees for director to serve until the next annual meeting of shareholders. the voting results were as follows: for withheld broker non-vote jason ma 4,841,055 5,775 645,746 felix wong 4,841,055 5,775 645,746 satoshi tominaga 4,841,055 5,775 645,746 albert lyu 4,841,055 5,775 645,746 estela kuo 4,841,055 5,775 645,746 2. ratification of independent registered public accounting firm shareholders ratified the reappointment of friedman llp to serve as the company’s independent registered public accounting firm for the fiscal year ending december 31, 2020. the voting results were as follows: for against abstain broker non-votes 5,492,576 0 0 0 3. adjournment of the meeting to april 23, 2020 the chairman of the meeting asked the company’s shareholders to approve an adjournment of the annual meeting until april 23, 2020. the voting results were as follows: for against abstain broker non-votes 5,492,576 0 0 0 at the continuation of the meeting on april 23, 2020, the company intends to present the two additional proposals that were included in the original definitive proxy statement filed by the company with the sec on march 17, 2020 (“original proxy statement”). they are ·the proposal to amend (the “charter amendment”) the company’s amended and restated memorandum and articles of association (the “charter”) to extend the date by which the company has to consummate a business combination (the “extension”) two times for an additional three months each time from may 6, 2020 to november 6, 2020 (the termination date as so extended, the “extended termination date”); and ·the proposal to amend (the “trust amendment”) the company’s investment management trust agreement (the “trust agreement”), dated as of august 1, 2018, by and between the company and continental stock transfer & trust company (the “trustee”) to allow the company to extend the time to complete a business combination two times for an additional three months. item 7.01 regulation fd disclosure the chairman determined, in his discretion, to present an adjournment proposal to the annual meeting with respect to the charter amendment proposal and the trust amendment proposal until april 23, 2020, at 10:00 a.m. hong kong time. the resumed meeting can be attended using the same access information that was used initially for the annual meeting, the details of which are set forth in the original proxy statement. voting has been closed on the election of directors and each of the other proposals before the annual meeting other than the charter amendment proposal and trust amendment proposal, and the results of the votes taken at annual meeting on those closed matters is set forth above in item 5.07. 2 signatures pursuant to the requirements of the securities exchange act of 1934, the registrant has duly caused this report to be signed on its behalf by the undersigned hereunto duly authorized. dated: april 13, 2020 tottenham acquisition i limited by: /s/jason ma name: jason ma title: chief executive officer 3 ",https://www.sec.gov/Archives/edgar/data/1731176/000168316820001153/0001683168-20-001153-index.htm,8-K,2020-04-13 16:05:10
2020-01-23," 8-k 1 tottenham_8k-012320.htm form 8-k united states securities and exchange commission washington, d.c. 20549 form 8-k current report pursuant to section 13 or 15(d) of the securities exchange act of 1934 january 23, 2020 date of report (date of earliest event reported) tottenham acquisition i limited (exact name of registrant as specified in its charter) british virgin islands 001-38614 n/a (state or other jurisdiction of incorporation) (commission file number) (i.r.s. employer identification no.) unit b, 11f on hing building 1-9 on hing terrance central, hong kong n/a (address of principal executive offices) (zip code) registrant's telephone number, including area code: +852 3998 4852 _______________________________________________________________________________________________________ n/a (former name or former address, if changed since last report) check the appropriate box below if the form 8-k filing is intended to simultaneously satisfy the filing obligation of the registrant under any of the following provisions: ☐ written communications pursuant to rule 425 under the securities act ☒ soliciting material pursuant to rule 14a-12 under the exchange act ☐ pre-commencement communications pursuant to rule 14d-2(b) under the exchange act ☐ pre-commencement communications pursuant to rule 13e-4(c) under the exchange act securities registered pursuant to section 12(b) of the act: title of each class trading symbol(s) name of each exchange on which registered units, each consisting of one ordinary share, par value $.0001 per share, one redeemable warrant to acquire one-half of one ordinary share, and one right to acquire one-tenth (1/10) of an ordinary share totau nasdaq capital market ordinary shares tota nasdaq capital market warrants totaw nasdaq capital market rights totar nasdaq capital market indicate by check mark whether the registrant is an emerging growth company as defined in rule 405 of the securities act of 1933 (17 cfr §230.405) or rule 12b-2 of the securities exchange act of 1934 (17 cfr §240.12b-2). emerging growth company ☒ if an emerging growth company, indicate by check mark if the registrant has elected not to use the extended transition period for complying with any new or revised financial accounting standards provided pursuant to section 13(a) of the exchange act. ☐ item 1.01. entry into a material definitive agreement. the disclosure contained in item 2.03 is incorporated by reference in this item 1.01 item 2.03. creation of a direct financial obligation or an obligation under an off-balance sheet arrangement of a registrant. on january 21, 2020, tottenham acquisition i limited (the “company”) issued an unsecured promissory note in the aggregate principal amount of $460,000 (the “note”) to norwich investment limited, the company’s initial public offering sponsor (“norwich”) in exchange for norwich depositing such amount into the company’s trust account in order to extend the amount of time it has available to complete a business combination. the note does not bear interest and mature upon closing of a business combination by the company. in addition, the note may be converted by the holder into units of the company identical to the units issued in the company’s initial public offering at a price of $10.00 per unit. item 8.01. other events. the company issued the release filed herewith on january 23, 2020. the materials attached as exhibit 99.1 are incorporated by reference herein. item 9.01. financial statements and exhibits. exhibit no. description 99.1 press release dated january 23, 2020 2 signatures pursuant to the requirements of the securities exchange act of 1934, the registrant has duly caused this report to be signed on its behalf by the undersigned hereunto duly authorized. dated: january 23, 2020 tottenham acquisition i limited by: /s/jason ma name: jason ma title: chief executive officer 3 ",https://www.sec.gov/Archives/edgar/data/1731176/000168316820000236/0001683168-20-000236-index.htm,8-K,2020-01-23 09:02:10
2020-01-06," 8-k 1 tottenham_8k.htm form 8-k united states securities and exchange commission washington, d.c. 20549 form 8-k current report pursuant to section 13 or 15(d) of the securities exchange act of 1934 january 3, 2020 date of report (date of earliest event reported) tottenham acquisition i limited (exact name of registrant as specified in its charter) british virgin islands 001-38614 n/a (state or other jurisdiction of incorporation) (commission file number) (i.r.s. employer identification no.) unit b, 11f on hing building 1-9 on hing terrance central, hong kong n/a (address of principal executive offices) (zip code) registrant's telephone number, including area code: +852 3998 4852 n/a (former name or former address, if changed since last report) check the appropriate box below if the form 8-k filing is intended to simultaneously satisfy the filing obligation of the registrant under any of the following provisions: ☐ written communications pursuant to rule 425 under the securities act ☐ soliciting material pursuant to rule 14a-12 under the exchange act ☐ pre-commencement communications pursuant to rule 14d-2(b) under the exchange act ☐ pre-commencement communications pursuant to rule 13e-4(c) under the exchange act securities registered pursuant to section 12(b) of the act: title of each class trading symbol(s) name of each exchange on which registered units, each consisting of one ordinary share, par value $.0001 per share, one redeemable warrant to acquire one-half of one ordinary share, and one right to acquire one-tenth (1/10) of an ordinary share totau nasdaq capital market ordinary shares tota nasdaq capital market warrants totaw nasdaq capital market rights totar nasdaq capital market indicate by check mark whether the registrant is an emerging growth company as defined in rule 405 of the securities act of 1933 (17 cfr §230.405) or rule 12b-2 of the securities exchange act of 1934 (17 cfr §240.12b-2). emerging growth company ☒ if an emerging growth company, indicate by check mark if the registrant has elected not to use the extended transition period for complying with any new or revised financial accounting standards provided pursuant to section 13(a) of the exchange act. ☐ item 3.01. notice of delisting or failure to satisfy a continued listing rule or standard; transfer of listing. on january 3, 2020, tottenham acquisition i limited (the “company”) received a letter from the nasdaq stock market llc (“nasdaq”), which stated that the company no longer complies with nasdaq’s continued listing rules due to the company not having held an annual meeting within 12 months of the company’s fiscal year end, as required pursuant to rule 5620(a). in accordance with nasdaq rule 5810(c)(2)(g), the company has 45 calendar days to submit a plan to regain compliance and, if nasdaq accepts the plan, nasdaq can grant the company an exception of up to 180 calendar days from the fiscal year end, or until june 29, 2020, to regain compliance. the company plans to submit a compliance plan within the specified period. 3 signatures pursuant to the requirements of the securities exchange act of 1934, the registrant has duly caused this report to be signed on its behalf by the undersigned hereunto duly authorized. dated: january 6, 2020 tottenham acquisition i limited by: /s/jason ma name: jason ma title: chief executive officer 4 ",https://www.sec.gov/Archives/edgar/data/1731176/000168316820000029/0001683168-20-000029-index.htm,8-K,2020-01-06 21:53:18
2019-10-29," 8-k 1 tottenham_8k.htm form 8-k united states securities and exchange commission washington, d.c. 20549 form 8-k current report pursuant to section 13 or 15(d) of the securities exchange act of 1934 october 25, 2019 date of report (date of earliest event reported) tottenham acquisition i limited (exact name of registrant as specified in its charter) british virgin islands 001-38614 n/a (state or other jurisdiction of incorporation) (commission file number) (i.r.s. employer identification no.) unit b, 11f on hing building 1-9 on hing terrance central, hong kong n/a (address of principal executive offices) (zip code) registrant's telephone number, including area code: +852 3998 4852 n/a (former name or former address, if changed since last report) check the appropriate box below if the form 8-k filing is intended to simultaneously satisfy the filing obligation of the registrant under any of the following provisions: [_] written communications pursuant to rule 425 under the securities act [_] soliciting material pursuant to rule 14a-12 under the exchange act [_] pre-commencement communications pursuant to rule 14d-2(b) under the exchange act [_] pre-commencement communications pursuant to rule 13e-4(c) under the exchange act securities registered pursuant to section 12(b) of the act: title of each class trading symbol(s) name of each exchange on which registered units, each consisting of one ordinary share, par value $.0001 per share, one redeemable warrant to acquire one-half of one ordinary share, and one right to acquire one-tenth (1/10) of an ordinary share totau nasdaq capital market ordinary shares tota nasdaq capital market warrants totaw nasdaq capital market rights totar nasdaq capital market indicate by check mark whether the registrant is an emerging growth company as defined in rule 405 of the securities act of 1933 (17 cfr §230.405) or rule 12b-2 of the securities exchange act of 1934 (17 cfr §240.12b-2). emerging growth company ☒ if an emerging growth company, indicate by check mark if the registrant has elected not to use the extended transition period for complying with any new or revised financial accounting standards provided pursuant to section 13(a) of the exchange act. ☐ item 1.01. entry into a material definitive agreement. the disclosure contained in item 2.03 is incorporated by reference in this item 1.01 item 2.03 creation of a direct financial obligation or an obligation under an off-balance sheet arrangement of a registrant. on october 25, 2019, tottenham acquisition i limited (the “company”) issued an unsecured promissory note in the aggregate principal amount of $460,000 (the “note”) to norwich investment limited, the company’s initial public offering sponsor (“norwich”) in exchange for norwich depositing such amount into the company’s trust account in order to extend the amount of time it has available to complete a business combination. the note does not bear interest and mature upon closing of a business combination by the company. in addition, the note may be converted by the holder into units of the company identical to the units issued in the company’s initial public offering at a price of $10.00 per unit. item 8.01 other events the company issued the release filed herewith on october 29, 2019. the materials attached as exhibit 99.1 are incorporated by reference herein. item 9.01. financial statements and exhibits. exhibit no. description 99.1 press release dated october 29, 2019 2 signatures pursuant to the requirements of the securities exchange act of 1934, the registrant has duly caused this report to be signed on its behalf by the undersigned hereunto duly authorized. dated: october 29, 2019 tottenham acquisition i limited by: /s/jason ma name: jason ma title: chief executive officer 3 ",https://www.sec.gov/Archives/edgar/data/1731176/000168316819003377/0001683168-19-003377-index.htm,8-K,2019-10-29 08:00:19
2019-07-29," 8-k 1 tottenham_8k.htm form 8-k united states securities and exchange commission washington, d.c. 20549 form 8-k current report pursuant to section 13 or 15(d) of the securities exchange act of 1934 july 24, 2019 date of report (date of earliest event reported) tottenham acquisition i limited (exact name of registrant as specified in its charter) british virgin islands 001-38614 n/a (state or other jurisdiction of incorporation) (commission file number) (i.r.s. employer identification no.) unit b, 11f on hing building 1-9 on hing terrance central, hong kong n/a (address of principal executive offices) (zip code) registrant’s telephone number, including area code: +852 3998 4852 n/a (former name or former address, if changed since last report) check the appropriate box below if the form 8-k filing is intended to simultaneously satisfy the filing obligation of the registrant under any of the following provisions: ☐ written communications pursuant to rule 425 under the securities act ☐ soliciting material pursuant to rule 14a-12 under the exchange act ☐ pre-commencement communications pursuant to rule 14d-2(b) under the exchange act ☐ pre-commencement communications pursuant to rule 13e-4(c) under the exchange act securities registered pursuant to section 12(b) of the act: title of each class trading symbol(s) name of each exchange on which registered units, each consisting of one ordinary share, par value $.0001 per share, one redeemable warrant to acquire one-half of one ordinary share, and one right to acquire one-tenth (1/10) of an ordinary share totau nasdaq capital market ordinary shares tota nasdaq capital market warrants totaw nasdaq capital market rights totar nasdaq capital market indicate by check mark whether the registrant is an emerging growth company as defined in rule 405 of the securities act of 1933 (17 cfr §230.405) or rule 12b-2 of the securities exchange act of 1934 (17 cfr §240.12b-2). emerging growth company ☒ if an emerging growth company, indicate by check mark if the registrant has elected not to use the extended transition period for complying with any new or revised financial accounting standards provided pursuant to section 13(a) of the exchange act. ☐ item 1.01. entry into a material definitive agreement. the disclosure contained in item 2.03 is incorporated by reference in this item 1.01 item 2.03 creation of a direct financial obligation or an obligation under an off-balance sheet arrangement of a registrant. on july 23, 2019, tottenham acquisition i limited (the “company”) issued unsecured promissory note in the aggregate principal amount of $460,000 (the “note”) to norwich investment limited, the company’s initial public offering sponsor (“norwich”) in exchange for norwich depositing such amount into the company’s trust account in order to extend the amount of time it has available to complete a business combination. the note does not bear interest and mature upon closing of a business combination by the company. in addition, the note may be converted by the holder into units of the company identical to the units issued in the company’s initial public offering at a price of $10.00 per unit. item 8.01 other events the company issued the release filed herewith on july 24, 2019. the materials attached as exhibit 99.1 are incorporated by reference herein. item 9.01. financial statements and exhibits. exhibit no. description 99.1 press release dated july 29, 2019 signatures pursuant to the requirements of the securities exchange act of 1934, the registrant has duly caused this report to be signed on its behalf by the undersigned hereunto duly authorized. dated: july 29, 2019 tottenham acquisition i limited by: /s/ jason ma name: jason ma title: chief executive officer ",https://www.sec.gov/Archives/edgar/data/1731176/000168316819002367/0001683168-19-002367-index.htm,8-K,2019-07-29 12:45:08
2018-08-17," 8-k/a 1 tottenham_8ka1.htm amended current report united states securities and exchange commission washington, d.c. 20549 form 8-k/a amendment no. 1 to current report pursuant to section 13 or 15(d) of the securities exchange act of 1934 august 1, 2018 date of report (date of earliest event reported) tottenham acquisition i limited (exact name of registrant as specified in its charter) british virgin islands 001-38614 n/a (state or other jurisdiction of incorporation) (commission file number) (i.r.s. employer identification no.) unit b, 11f on hing building 1-9 on hing terrance central, hong kong n/a (address of principal executive offices) (zip code) registrant's telephone number, including area code: +852 3998 4852 n/a (former name or former address, if changed since last report) check the appropriate box below if the form 8-k filing is intended to simultaneously satisfy the filing obligation of the registrant under any of the following provisions: [ ] written communications pursuant to rule 425 under the securities act [ ] soliciting material pursuant to rule 14a-12 under the exchange act [ ] pre-commencement communications pursuant to rule 14d-2(b) under the exchange act [ ] pre-commencement communications pursuant to rule 13e-4(c) under the exchange act indicate by check mark whether the registrant is an emerging growth company as defined in rule 405 of the securities act of 1933 (17 cfr §230.405) or rule 12b-2 of the securities exchange act of 1934 (17 cfr §240.12b-2). emerging growth company ☒ if an emerging growth company, indicate by check mark if the registrant has elected not to use the extended transition period for complying with any new or revised financial accounting standards provided pursuant to section 13(a) of the exchange act. ☐ item 8.01. other events as previously disclosed on a current report on form 8-k dated august 7, 2018, tottenham acquisition i limited (the “company”) consummated its initial public offering (“ipo”) of 4,600,000 units (the “units”), which included the full exercise of the underwriter’s over-allotment option of 600,000 units. each unit consists of one ordinary share (“ordinary share”), one warrant (“warrant”) entitling its holder to purchase one-half of one ordinary share at a price of $11.50 per whole share, and one right to receive one-tenth (1/10) of an ordinary share upon the consummation of an initial business combination. the units were sold at an offering price of $10.00 per unit, generating gross proceeds of $46,000,000. in addition, the company sold to chardan, for $100, an option to purchase up to 220,000 units exercisable at $11.50 per unit, commencing on the later of the consummation of a business combination and six months from the effective date of the registration statement. as of august 6, 2018, a total of $46,000,000 of the net proceeds from the ipo and the private placement consummated simultaneously with the closing of the ipo were deposited in a trust account established for the benefit of the company’s public stockholders. an audited balance sheet as of august 6, 2018 reflecting receipt of the proceeds upon consummation of the ipo and the private placement is included with this report as exhibit 99.1 item 9.01. financial statements and exhibits. exhibit no. description 99.1 balance sheet dated august 6, 2018 2 signatures pursuant to the requirements of the securities exchange act of 1934, the registrant has duly caused this report to be signed on its behalf by the undersigned hereunto duly authorized. dated: august 17, 2018 tottenham acquisition i limited by: /s/ jason ma name: jason ma title: chief executive officer 3 ",https://www.sec.gov/Archives/edgar/data/1731176/000168316818002399/0001683168-18-002399-index.htm,8-K,2018-08-17 12:34:26
2018-08-07," 8-k 1 tottenham_8k.htm form 8-k united states securities and exchange commission washington, d.c. 20549 form 8-k current report pursuant to section 13 or 15(d) of the securities exchange act of 1934 august 1, 2018 date of report (date of earliest event reported) tottenham acquisition i limited (exact name of registrant as specified in its charter) british virgin islands 001-38614 n/a (state or other jurisdiction of incorporation) (commission file number) (i.r.s. employer identification no.) unit b, 11f on hing building 1-9 on hing terrance central, hong kong n/a (address of principal executive offices) (zip code) registrant's telephone number, including area code: +852 3998 4852 n/a (former name or former address, if changed since last report) check the appropriate box below if the form 8-k filing is intended to simultaneously satisfy the filing obligation of the registrant under any of the following provisions: ☐ written communications pursuant to rule 425 under the securities act ☐ soliciting material pursuant to rule 14a-12 under the exchange act ☐ pre-commencement communications pursuant to rule 14d-2(b) under the exchange act ☐ pre-commencement communications pursuant to rule 13e-4(c) under the exchange act indicate by check mark whether the registrant is an emerging growth company as defined in rule 405 of the securities act of 1933 (17 cfr §230.405) or rule 12b-2 of the securities exchange act of 1934 (17 cfr §240.12b-2). emerging growth company ☒ if an emerging growth company, indicate by check mark if the registrant has elected not to use the extended transition period for complying with any new or revised financial accounting standards provided pursuant to section 13(a) of the exchange act. ☐ item 1.01. entry into a material definitive agreement. on august 1, 2018, the registration statement (file no. 333-226072) (the “registration statement”) relating to the initial public offering (“ipo”) of tottenham acquisition i limited (the “company”) was declared effective by the securities and exchange commission. in connection therewith, the company entered into the following agreements previously filed as exhibits to the registration statement: ·an underwriting agreement, dated august 1, 2018, by and between the company and chardan capital markets, llc (“chardan”), as representative of the underwriters; ·a warrant agreement, dated august 1, 2018, by and between the company and continental stock transfer & trust company; ·a rights agreement, dated august 1, 2018, by and between the company and continental stock transfer & trust company; ·letter agreements, dated august 1, 2018, by and between the company and each of the initial shareholders, officers and directors of the company; ·an investment management trust agreement, dated august 1, 2018, by and between the company and continental stock transfer & trust company; ·a stock escrow agreement, dated august 1, 2018, by and among the company, continental stock transfer & trust company and each of the initial shareholders of the company; and ·a registration rights agreement, dated august 1, 2018, by and among the company and the initial shareholders of the company. on august 6, 2018, the company consummated the ipo of 4,600,000 units (the “units”), which includes the full exercise of the underwriter’s over-allotment option of 600,000 units. each unit consists of one ordinary share (“ordinary share”), one warrant (“warrant”) entitling its holder to purchase one-half of one ordinary share at a price of $11.50 per whole share, and one right to receive one-tenth (1/10) of an ordinary share upon the consummation of an initial business combination. the units were sold at an offering price of $10.00 per unit, generating gross proceeds of $46,000,000. in addition, the company sold to chardan, for $100, an option to purchase up to 220,000 units exercisable at $11.50 per unit pursuant to the unit purchase option agreement as set forth in exhibit 4.3, commencing on the later of the consummation of a business combination and six months from the effective date of the registration statement. as of august 6, 2018, a total of $46,000,000 of the net proceeds from the ipo and the private placement (as defined below) were deposited in a trust account established for the benefit of the company’s public shareholders. an audited balance sheet as of august 6, 2018 reflecting receipt of the proceeds upon consummation of the ipo and the private placement will be filed within 4 days of the consummation of the ipo. item 3.02. unregistered sales of equity securities. simultaneously with the closing of the ipo, the company consummated the private placement (“private placement”) with certain of its initial shareholders of 215,000 units (the “private units”) at a price of $10.00 per private unit, generating total proceeds of $2,150,000. the private units are identical to the units sold in the ipo except that the warrants included in the private units will be non-redeemable and may be exercised on a cashless basis, in each case so long as they continue to be held by the initial purchasers or their permitted transferees. additionally, because the private units were issued in a private transaction, the initial purchasers and their permitted transferees will be allowed to exercise the warrants included in the private units for cash even if a registration statement covering the ordinary shares issuable upon exercise of such warrants is not effective and receive unregistered ordinary shares. additionally, such initial purchasers agreed not to transfer, assign or sell any of the private units or underlying securities (except in limited circumstances, as described in the registration statement) until the completion of the company’s initial business combination. such initial purchasers were granted certain demand and piggyback registration rights in connection with the purchase of the private units. the private units were issued pursuant to section 4(a)(2) of the securities act of 1933, as amended, as the transactions did not involve a public offering. 2 item 9.01. financial statements and exhibits. exhibit no. description 1.1 underwriting agreement, dated august 1, 2018, by and between the registrant and chardan capital markets, llc 4.1 warrant agreement, dated august 1, 2018, by and between continental stock transfer & trust company and the registrant 4.2 rights agreement, dated august 1, 2018, by and between continental stock transfer & trust company and the registrant 4.3 unit purchase option between the registrant and chardan capital markets, llc dated august 6, 2018 10.1 letter agreements, dated august 1, 2018, by and between the registrant and each of the initial stockholders, officers and directors of the registrant 10.2 investment management trust agreement, dated august 1, 2018, by and between continental stock transfer & trust company and the registrant 10.3 stock escrow agreement, dated august 1, 2018, among the registrant, continental stock transfer & trust company and the initial shareholders 10.4 registration rights agreement, dated august 1, 2018, among the registrant, continental stock transfer & trust company and the initial shareholders 3 signatures pursuant to the requirements of the securities exchange act of 1934, the registrant has duly caused this report to be signed on its behalf by the undersigned hereunto duly authorized. dated: august 7, 2018 tottenham acquisition i limited by: /s/ jason ma name: jason ma title: chief executive officer 4 ",https://www.sec.gov/Archives/edgar/data/1731176/000168316818002163/0001683168-18-002163-index.htm,8-K,2018-08-07 16:22:35
